latitude,longitude,brightness,scan,track,acq_date,acq_time,satellite,instrument,confidence,version,bright_t31,frp,daynight
-4.56926,17.20139,305.97,2.93,1.63,2026-07-18,805,Terra,MODIS,55,6.1NRT,291.45,24.4,D
-4.56605,17.20831,310.11,2.93,1.63,2026-07-18,805,Terra,MODIS,66,6.1NRT,291.55,39.42,D
-4.52083,11.51988,310.77,1.12,1.06,2026-07-18,805,Terra,MODIS,36,6.1NRT,284.56,10.07,D
-3.86672,16.70254,304.26,2.6,1.55,2026-07-18,805,Terra,MODIS,44,6.1NRT,289.07,17.84,D
-3.07217,15.07343,311.02,1.86,1.33,2026-07-18,805,Terra,MODIS,70,6.1NRT,284.14,23.44,D
-3.06273,15.09147,313.75,1.86,1.33,2026-07-18,805,Terra,MODIS,73,6.1NRT,284.34,28.19,D
-3.06053,15.07541,331.1,1.86,1.33,2026-07-18,805,Terra,MODIS,87,6.1NRT,285.15,73.25,D
-2.60622,15.33945,315.25,1.91,1.35,2026-07-18,805,Terra,MODIS,75,6.1NRT,293.15,27.43,D
-2.60307,15.35154,309.2,1.92,1.35,2026-07-18,805,Terra,MODIS,60,6.1NRT,291.6,17.58,D
-2.60075,15.33428,307.45,1.91,1.35,2026-07-18,805,Terra,MODIS,59,6.1NRT,293.22,13.74,D
-2.25183,15.77935,316.57,2.05,1.39,2026-07-18,805,Terra,MODIS,76,6.1NRT,293.03,32.4,D
-2.22658,15.19341,307.9,1.84,1.33,2026-07-18,805,Terra,MODIS,66,6.1NRT,292.39,13.68,D
-2.22437,15.17718,305.97,1.83,1.33,2026-07-18,805,Terra,MODIS,58,6.1NRT,293.32,10.59,D
-2.12116,15.76772,313.21,2.04,1.39,2026-07-18,805,Terra,MODIS,67,6.1NRT,294.15,21.13,D
-2.11721,15.77412,316.06,2.04,1.39,2026-07-18,805,Terra,MODIS,53,6.1NRT,294.22,25.98,D
-2.09541,15.79558,316.81,2.04,1.39,2026-07-18,805,Terra,MODIS,70,6.1NRT,294.31,29.07,D
-1.76509,15.35132,321.7,1.86,1.33,2026-07-18,805,Terra,MODIS,78,6.1NRT,289.53,38.6,D
-1.73121,15.59924,308.43,1.95,1.36,2026-07-18,805,Terra,MODIS,66,6.1NRT,290.52,16.07,D
-1.48236,15.61662,314.52,1.93,1.36,2026-07-18,805,Terra,MODIS,75,6.1NRT,291.66,30.4,D
-5.99944,20.59686,321.65,1.07,1.03,2026-07-18,1408,Aqua,MODIS,68,6.1NRT,300.16,15.34,D
-5.99697,21.50053,319.1,1.01,1.01,2026-07-18,1408,Aqua,MODIS,76,6.1NRT,298.78,12.91,D
-5.99052,15.18469,308.1,2.52,1.53,2026-07-18,1408,Aqua,MODIS,18,6.1NRT,292.87,12.87,D
-5.98872,15.16715,310.4,2.53,1.53,2026-07-18,1408,Aqua,MODIS,57,6.1NRT,294.84,20.34,D
-5.96529,20.70591,337.92,1.06,1.03,2026-07-18,1408,Aqua,MODIS,90,6.1NRT,299.78,38.02,D
-5.96395,20.71523,311.07,1.06,1.03,2026-07-18,1408,Aqua,MODIS,64,6.1NRT,299.71,5.19,D
-5.96331,21.42319,305.71,1.01,1.01,2026-07-18,1408,Aqua,MODIS,40,6.1NRT,294.8,3.71,D
-5.95899,15.31153,309.59,2.46,1.51,2026-07-18,1408,Aqua,MODIS,41,6.1NRT,290.58,22.82,D
-5.95715,15.9678,319.73,2.17,1.43,2026-07-18,1408,Aqua,MODIS,75,6.1NRT,295.91,38.13,D
-5.95304,15.8148,316.11,2.23,1.45,2026-07-18,1408,Aqua,MODIS,70,6.1NRT,297.47,33.93,D
-5.94669,15.97339,318.95,2.17,1.43,2026-07-18,1408,Aqua,MODIS,74,6.1NRT,296.53,35.19,D
-5.94631,23.72235,306.91,1.07,1.03,2026-07-18,1408,Aqua,MODIS,62,6.1NRT,291.88,4.91,D
-5.93521,20.5341,305.26,1.07,1.03,2026-07-18,1408,Aqua,MODIS,35,6.1NRT,292.3,3.44,D
-5.93385,20.54341,305.15,1.07,1.03,2026-07-18,1408,Aqua,MODIS,32,6.1NRT,292.52,3.22,D
-5.9296,21.71559,309.19,1,1,2026-07-18,1408,Aqua,MODIS,59,6.1NRT,297.95,5.22,D
-5.92397,18.69416,319.63,1.35,1.15,2026-07-18,1408,Aqua,MODIS,75,6.1NRT,302.31,16.3,D
-5.92231,18.70577,335.43,1.34,1.15,2026-07-18,1408,Aqua,MODIS,88,6.1NRT,302.49,46.44,D
-5.91491,22.62304,305,1.01,1,2026-07-18,1408,Aqua,MODIS,45,6.1NRT,290.88,3.08,D
-5.91353,23.75599,323.28,1.08,1.04,2026-07-18,1408,Aqua,MODIS,0,6.1NRT,291.35,20.51,D
-5.91212,23.76543,317.93,1.08,1.04,2026-07-18,1408,Aqua,MODIS,0,6.1NRT,291.52,14.7,D
-5.89732,18.87938,343.75,1.31,1.13,2026-07-18,1408,Aqua,MODIS,92,6.1NRT,283.66,70.38,D
-5.89715,23.92796,324.84,1.1,1.04,2026-07-18,1408,Aqua,MODIS,82,6.1NRT,286.83,23.04,D
-5.88801,23.92659,317.67,1.1,1.04,2026-07-18,1408,Aqua,MODIS,33,6.1NRT,290.36,14.13,D
-5.88743,18.23673,322.75,1.45,1.19,2026-07-18,1408,Aqua,MODIS,78,6.1NRT,294.49,26.82,D
-5.88742,18.87782,310.56,1.31,1.13,2026-07-18,1408,Aqua,MODIS,46,6.1NRT,282.43,11.93,D
-5.88562,18.2494,321.97,1.44,1.19,2026-07-18,1408,Aqua,MODIS,77,6.1NRT,295.36,25.2,D
-5.8843,16.53022,321.26,1.95,1.36,2026-07-18,1408,Aqua,MODIS,57,6.1NRT,299.64,30.6,D
-5.88303,21.14967,315.2,1.03,1.01,2026-07-18,1408,Aqua,MODIS,71,6.1NRT,299.64,8.53,D
-5.87821,16.52192,321.97,1.95,1.36,2026-07-18,1408,Aqua,MODIS,64,6.1NRT,301.07,34.18,D
-5.87388,23.04084,313.03,1.03,1.01,2026-07-18,1408,Aqua,MODIS,70,6.1NRT,296.14,8.26,D
-5.86319,19.04679,331.75,1.28,1.12,2026-07-18,1408,Aqua,MODIS,85,6.1NRT,288.39,42.53,D
-5.85663,21.01121,327.14,1.03,1.02,2026-07-18,1408,Aqua,MODIS,83,6.1NRT,300.64,22.57,D
-5.85533,21.0202,317.08,1.03,1.02,2026-07-18,1408,Aqua,MODIS,74,6.1NRT,297.76,11.77,D
-5.85302,16.84782,319.23,1.84,1.33,2026-07-18,1408,Aqua,MODIS,74,6.1NRT,298.7,29.2,D
-5.84714,23.02095,312.14,1.02,1.01,2026-07-18,1408,Aqua,MODIS,70,6.1NRT,295.47,7.45,D
-5.84014,22.50739,317.3,1,1,2026-07-18,1408,Aqua,MODIS,75,6.1NRT,295.66,11.32,D
-5.82913,17.02189,314.63,1.78,1.31,2026-07-18,1408,Aqua,MODIS,63,6.1NRT,301.98,15.68,D
-5.82514,23.92097,323.36,1.1,1.04,2026-07-18,1408,Aqua,MODIS,82,6.1NRT,289.16,23.31,D
-5.82503,18.45469,319.58,1.39,1.17,2026-07-18,1408,Aqua,MODIS,74,6.1NRT,301.42,17.11,D
-5.82021,15.5473,321.7,2.34,1.48,2026-07-18,1408,Aqua,MODIS,77,6.1NRT,296.46,51.54,D
-5.82002,22.52231,306.75,1.01,1,2026-07-18,1408,Aqua,MODIS,34,6.1NRT,293.71,3.44,D
-5.81826,15.56098,331.4,2.33,1.48,2026-07-18,1408,Aqua,MODIS,85,6.1NRT,296.54,90.34,D
-5.8175,15.56771,321.9,2.33,1.48,2026-07-18,1408,Aqua,MODIS,77,6.1NRT,296.11,51.99,D
-5.80729,20.01329,314.72,1.13,1.06,2026-07-18,1408,Aqua,MODIS,69,6.1NRT,297.92,9.6,D
-5.80054,23.15177,316.27,1.03,1.02,2026-07-18,1408,Aqua,MODIS,75,6.1NRT,296.88,9.47,D
-5.79464,22.81609,308.18,1.02,1.01,2026-07-18,1408,Aqua,MODIS,64,6.1NRT,294.98,5.01,D
-5.79402,22.69847,306.47,1.01,1.01,2026-07-18,1408,Aqua,MODIS,58,6.1NRT,292.96,4.19,D
-5.78766,17.32316,323.94,1.68,1.28,2026-07-18,1408,Aqua,MODIS,79,6.1NRT,299.67,28.41,D
-5.78564,17.3378,377.83,1.68,1.27,2026-07-18,1408,Aqua,MODIS,100,6.1NRT,302.87,292.73,D
-5.78462,16.45195,312.52,1.97,1.37,2026-07-18,1408,Aqua,MODIS,59,6.1NRT,299.05,13.74,D
-5.78346,19.84783,309.18,1.15,1.07,2026-07-18,1408,Aqua,MODIS,56,6.1NRT,296.52,5.65,D
-5.7765,17.32162,321.89,1.68,1.28,2026-07-18,1408,Aqua,MODIS,77,6.1NRT,299.97,24.25,D
-5.77614,17.87769,309.57,1.53,1.22,2026-07-18,1408,Aqua,MODIS,44,6.1NRT,292.13,9.83,D
-5.77448,17.33635,349.09,1.68,1.27,2026-07-18,1408,Aqua,MODIS,95,6.1NRT,301.23,112.2,D
-5.77366,14.36621,317.37,2.91,1.63,2026-07-18,1408,Aqua,MODIS,72,6.1NRT,291.35,55.08,D
-5.7727,22.90363,316.57,1.02,1.01,2026-07-18,1408,Aqua,MODIS,76,6.1NRT,293.45,11.72,D
-5.77138,22.91254,321.99,1.02,1.01,2026-07-18,1408,Aqua,MODIS,81,6.1NRT,293.8,17.07,D
-5.77025,14.39106,308.92,2.9,1.62,2026-07-18,1408,Aqua,MODIS,38,6.1NRT,291.72,22.96,D
-5.7594,22.81081,307.29,1.02,1.01,2026-07-18,1408,Aqua,MODIS,62,6.1NRT,293.28,4.66,D
-5.75884,20.47694,311.73,1.07,1.03,2026-07-18,1408,Aqua,MODIS,66,6.1NRT,293.02,7.38,D
-5.75824,16.77882,313.5,1.86,1.33,2026-07-18,1408,Aqua,MODIS,63,6.1NRT,300.08,15.17,D
-5.75749,20.48624,308.19,1.07,1.03,2026-07-18,1408,Aqua,MODIS,57,6.1NRT,292.99,4.74,D
-5.75558,15.63507,324.27,2.29,1.47,2026-07-18,1408,Aqua,MODIS,80,6.1NRT,297.59,58.07,D
-5.75097,16.43054,312.84,1.98,1.37,2026-07-18,1408,Aqua,MODIS,65,6.1NRT,299.52,15.76,D
-5.74124,20.97848,308.7,1.04,1.02,2026-07-18,1408,Aqua,MODIS,59,6.1NRT,294.91,5.12,D
-5.73993,20.98755,316.19,1.03,1.02,2026-07-18,1408,Aqua,MODIS,73,6.1NRT,294.59,11.18,D
-5.73799,20.29999,312.88,1.09,1.04,2026-07-18,1408,Aqua,MODIS,55,6.1NRT,297.57,6.69,D
-5.69958,16.4001,312.27,1.98,1.37,2026-07-18,1408,Aqua,MODIS,38,6.1NRT,298.92,13.66,D
-5.69946,14.38022,311,2.9,1.62,2026-07-18,1408,Aqua,MODIS,35,6.1NRT,292.32,26.71,D
-5.69618,14.40517,312.2,2.88,1.62,2026-07-18,1408,Aqua,MODIS,57,6.1NRT,291.09,30.52,D
-5.6911,20.56264,311.04,1.07,1.03,2026-07-18,1408,Aqua,MODIS,24,6.1NRT,293.37,5.58,D
-5.69068,14.55534,313.55,2.8,1.6,2026-07-18,1408,Aqua,MODIS,66,6.1NRT,295.21,32.87,D
-5.68858,15.93888,308.93,2.16,1.43,2026-07-18,1408,Aqua,MODIS,52,6.1NRT,297.02,12.57,D
-5.68744,14.57974,312.96,2.79,1.6,2026-07-18,1408,Aqua,MODIS,64,6.1NRT,294.62,29.68,D
-5.68708,15.93418,309.37,2.16,1.43,2026-07-18,1408,Aqua,MODIS,54,6.1NRT,296.6,13.85,D
-5.686,14.54985,310.22,2.8,1.6,2026-07-18,1408,Aqua,MODIS,53,6.1NRT,294.7,20.94,D
-5.68357,22.93834,309.99,1.02,1.01,2026-07-18,1408,Aqua,MODIS,69,6.1NRT,291.25,6,D
-5.68287,16.34451,312.04,2,1.38,2026-07-18,1408,Aqua,MODIS,63,6.1NRT,299.03,16.22,D
-5.68258,14.57425,317.92,2.79,1.6,2026-07-18,1408,Aqua,MODIS,72,6.1NRT,294.05,47.95,D
-5.68209,20.56133,321.9,1.07,1.03,2026-07-18,1408,Aqua,MODIS,79,6.1NRT,295.54,16.72,D
-5.68076,20.57057,311.39,1.07,1.03,2026-07-18,1408,Aqua,MODIS,56,6.1NRT,294.74,6.8,D
-5.68047,16.36168,319.75,2,1.38,2026-07-18,1408,Aqua,MODIS,75,6.1NRT,299.09,33.47,D
-5.67962,22.96509,309.28,1.02,1.01,2026-07-18,1408,Aqua,MODIS,28,6.1NRT,293.23,4.32,D
-5.67425,17.63467,309.73,1.59,1.24,2026-07-18,1408,Aqua,MODIS,29,6.1NRT,294.66,11.7,D
-5.67077,22.96379,316.49,1.02,1.01,2026-07-18,1408,Aqua,MODIS,77,6.1NRT,291.59,10.27,D
-5.66671,21.10892,309.22,1.03,1.01,2026-07-18,1408,Aqua,MODIS,61,6.1NRT,296.83,4.51,D
-5.66543,18.78558,314.85,1.32,1.14,2026-07-18,1408,Aqua,MODIS,67,6.1NRT,297.53,13.11,D
-5.66528,19.98043,316.3,1.13,1.06,2026-07-18,1408,Aqua,MODIS,62,6.1NRT,298.4,12.16,D
-5.66384,18.79699,312.39,1.31,1.14,2026-07-18,1408,Aqua,MODIS,62,6.1NRT,297.63,10.03,D
-5.65885,21.16275,317.03,1.02,1.01,2026-07-18,1408,Aqua,MODIS,74,6.1NRT,299.02,9.92,D
-5.65479,19.00459,314.92,1.28,1.12,2026-07-18,1408,Aqua,MODIS,67,6.1NRT,299.61,8.3,D
-5.64962,16.66735,320.94,1.89,1.34,2026-07-18,1408,Aqua,MODIS,77,6.1NRT,298.85,33.84,D
-5.64735,16.68344,309.93,1.88,1.34,2026-07-18,1408,Aqua,MODIS,37,6.1NRT,295.95,9.69,D
-5.64334,21.52854,310.48,1.01,1,2026-07-18,1408,Aqua,MODIS,66,6.1NRT,296.28,6.47,D
-5.64072,22.92275,312.1,1.02,1.01,2026-07-18,1408,Aqua,MODIS,72,6.1NRT,294.21,7.42,D
-5.6363,23.94858,302.18,1.1,1.05,2026-07-18,1408,Aqua,MODIS,51,6.1NRT,279.21,6.36,D
-5.63596,14.86231,313.82,2.64,1.56,2026-07-18,1408,Aqua,MODIS,66,6.1NRT,293.22,35.2,D
-5.63417,22.59005,307.75,1.01,1,2026-07-18,1408,Aqua,MODIS,65,6.1NRT,287.84,6.58,D
-5.63026,16.45955,314.76,1.96,1.37,2026-07-18,1408,Aqua,MODIS,69,6.1NRT,298.05,18.97,D
-5.62918,20.99307,316.7,1.03,1.02,2026-07-18,1408,Aqua,MODIS,73,6.1NRT,295.83,11.62,D
-5.62906,14.85659,315.69,2.64,1.56,2026-07-18,1408,Aqua,MODIS,69,6.1NRT,293.48,42.34,D
-5.62804,16.47569,331.75,1.95,1.36,2026-07-18,1408,Aqua,MODIS,86,6.1NRT,298.68,67.37,D
-5.62262,16.47008,320.87,1.95,1.36,2026-07-18,1408,Aqua,MODIS,76,6.1NRT,298.16,33.97,D
-5.61775,14.5825,309.23,2.78,1.59,2026-07-18,1408,Aqua,MODIS,42,6.1NRT,293.47,19.11,D
-5.61108,19.44936,313.25,1.2,1.09,2026-07-18,1408,Aqua,MODIS,65,6.1NRT,298.66,8.72,D
-5.60854,20.11176,327.87,1.11,1.05,2026-07-18,1408,Aqua,MODIS,83,6.1NRT,300.91,24.69,D
-5.60714,20.12142,318.48,1.11,1.05,2026-07-18,1408,Aqua,MODIS,74,6.1NRT,298.88,12.93,D
-5.60266,14.94708,310.07,2.6,1.55,2026-07-18,1408,Aqua,MODIS,56,6.1NRT,294.14,26.3,D
-5.59432,20.40229,313.93,1.08,1.04,2026-07-18,1408,Aqua,MODIS,68,6.1NRT,296.24,8.56,D
-5.58836,18.46412,310.19,1.38,1.16,2026-07-18,1408,Aqua,MODIS,55,6.1NRT,291.69,7.8,D
-5.58427,20.01868,314.38,1.12,1.05,2026-07-18,1408,Aqua,MODIS,68,6.1NRT,297.69,9.22,D
-5.5605,21.52848,310.64,1.01,1,2026-07-18,1408,Aqua,MODIS,67,6.1NRT,297.31,6.1,D
-5.52737,13.93212,307.33,3.13,1.68,2026-07-18,1408,Aqua,MODIS,27,6.1NRT,290.74,20.11,D
-5.52462,21.13643,306.38,1.02,1.01,2026-07-18,1408,Aqua,MODIS,44,6.1NRT,294.61,3.84,D
-5.50737,20.93527,307.35,1.03,1.02,2026-07-18,1408,Aqua,MODIS,50,6.1NRT,291.8,4.94,D
-5.50524,18.90096,315.72,1.29,1.13,2026-07-18,1408,Aqua,MODIS,65,6.1NRT,298.41,13.46,D
-5.49993,16.99695,309.49,1.77,1.3,2026-07-18,1408,Aqua,MODIS,56,6.1NRT,296.06,12.38,D
-5.49774,17.01253,315.39,1.76,1.3,2026-07-18,1408,Aqua,MODIS,70,6.1NRT,297.02,22.07,D
-5.49209,18.63815,323.71,1.34,1.15,2026-07-18,1408,Aqua,MODIS,79,6.1NRT,289.4,27.23,D
-5.49086,18.64335,326,1.34,1.15,2026-07-18,1408,Aqua,MODIS,81,6.1NRT,289.17,30.45,D
-5.47548,16.33894,316.02,1.99,1.38,2026-07-18,1408,Aqua,MODIS,55,6.1NRT,301.21,18.1,D
-5.45924,20.89131,333.65,1.04,1.02,2026-07-18,1408,Aqua,MODIS,87,6.1NRT,296.45,32.32,D
-5.45606,16.30153,314.64,2,1.38,2026-07-18,1408,Aqua,MODIS,63,6.1NRT,297.78,19,D
-5.45161,16.29575,312.21,2,1.38,2026-07-18,1408,Aqua,MODIS,60,6.1NRT,297.51,15.5,D
-5.4492,16.31256,311.62,2,1.38,2026-07-18,1408,Aqua,MODIS,40,6.1NRT,298.05,11.74,D
-5.44785,20.07594,311.64,1.11,1.05,2026-07-18,1408,Aqua,MODIS,54,6.1NRT,298.25,6.52,D
-5.44643,20.08568,360.26,1.11,1.05,2026-07-18,1408,Aqua,MODIS,87,6.1NRT,304.22,95.73,D
-5.44524,20.27752,320.97,1.09,1.04,2026-07-18,1408,Aqua,MODIS,77,6.1NRT,301.43,13.34,D
-5.44501,20.09542,336.91,1.11,1.05,2026-07-18,1408,Aqua,MODIS,84,6.1NRT,299.36,39.2,D
-5.4439,20.28694,324.98,1.09,1.04,2026-07-18,1408,Aqua,MODIS,81,6.1NRT,299.39,17.47,D
-5.43804,17.10625,319.11,1.73,1.29,2026-07-18,1408,Aqua,MODIS,75,6.1NRT,300.29,23.62,D
-5.43751,17.11336,328.46,1.73,1.29,2026-07-18,1408,Aqua,MODIS,83,6.1NRT,300.33,45.9,D
-5.4358,17.12164,320.87,1.72,1.29,2026-07-18,1408,Aqua,MODIS,77,6.1NRT,299.46,27.03,D
-5.42066,22.41994,312.88,1,1,2026-07-18,1408,Aqua,MODIS,73,6.1NRT,285.32,11.2,D
-5.41656,20.35457,317.93,1.08,1.04,2026-07-18,1408,Aqua,MODIS,73,6.1NRT,299,11.77,D
-5.41447,15.17726,307.7,2.47,1.51,2026-07-18,1408,Aqua,MODIS,41,6.1NRT,294.43,16.95,D
-5.41066,15.18133,308.58,2.47,1.51,2026-07-18,1408,Aqua,MODIS,49,6.1NRT,294.49,18.37,D
-5.39855,14.69355,322.42,2.7,1.57,2026-07-18,1408,Aqua,MODIS,75,6.1NRT,292.06,63.85,D
-5.39171,14.68537,316.36,2.7,1.57,2026-07-18,1408,Aqua,MODIS,70,6.1NRT,292.41,43.23,D
-5.39165,18.03048,310.88,1.47,1.2,2026-07-18,1408,Aqua,MODIS,60,6.1NRT,297.4,9.54,D
-5.37489,18.17747,320.52,1.43,1.18,2026-07-18,1408,Aqua,MODIS,76,6.1NRT,296.62,22.43,D
-5.37238,18.16998,310.5,1.44,1.19,2026-07-18,1408,Aqua,MODIS,41,6.1NRT,295.43,8.52,D
-5.37231,18.68393,316.88,1.32,1.14,2026-07-18,1408,Aqua,MODIS,64,6.1NRT,292.36,16.45,D
-5.37068,18.18228,316.35,1.43,1.18,2026-07-18,1408,Aqua,MODIS,71,6.1NRT,296.41,16.25,D
-5.36567,18.65926,317.43,1.33,1.14,2026-07-18,1408,Aqua,MODIS,65,6.1NRT,292.92,17.46,D
-5.36384,19.17916,311.91,1.23,1.1,2026-07-18,1408,Aqua,MODIS,60,6.1NRT,287.56,9.94,D
-5.36371,20.71632,314.36,1.05,1.02,2026-07-18,1408,Aqua,MODIS,70,6.1NRT,294.99,9.5,D
-5.36238,20.7254,317.86,1.05,1.02,2026-07-18,1408,Aqua,MODIS,74,6.1NRT,295.63,12.69,D
-5.31617,19.238,317.64,1.22,1.1,2026-07-18,1408,Aqua,MODIS,73,6.1NRT,298.98,13.86,D
-5.28487,20.55747,314.24,1.06,1.03,2026-07-18,1408,Aqua,MODIS,69,6.1NRT,297.2,8.36,D
-5.2796,21.29099,306.64,1.01,1.01,2026-07-18,1408,Aqua,MODIS,50,6.1NRT,293.78,4.19,D
-5.27,18.68723,309.49,1.32,1.14,2026-07-18,1408,Aqua,MODIS,56,6.1NRT,293.48,9.16,D
-5.26738,20.04746,313.41,1.11,1.05,2026-07-18,1408,Aqua,MODIS,68,6.1NRT,298.16,8.71,D
-5.26154,19.44883,314.19,1.19,1.08,2026-07-18,1408,Aqua,MODIS,68,6.1NRT,300.46,8.02,D
-5.25939,14.78106,308.37,2.64,1.56,2026-07-18,1408,Aqua,MODIS,48,6.1NRT,291.18,19.92,D
-5.25118,16.80119,309.7,1.81,1.32,2026-07-18,1408,Aqua,MODIS,35,6.1NRT,297.61,9.48,D
-5.24951,23.87536,315.52,1.11,1.05,2026-07-18,1408,Aqua,MODIS,72,6.1NRT,275.5,16.68,D
-5.24312,19.5093,317.73,1.18,1.08,2026-07-18,1408,Aqua,MODIS,73,6.1NRT,301,11.68,D
-5.23644,20.13164,321.19,1.1,1.05,2026-07-18,1408,Aqua,MODIS,78,6.1NRT,297.76,16.22,D
-5.22869,20.12064,312.41,1.1,1.05,2026-07-18,1408,Aqua,MODIS,24,6.1NRT,296.76,7.1,D
-5.2273,20.13028,318.87,1.1,1.05,2026-07-18,1408,Aqua,MODIS,75,6.1NRT,297.97,13.72,D
-5.21524,16.66078,313.25,1.86,1.33,2026-07-18,1408,Aqua,MODIS,64,6.1NRT,299.65,17.21,D
-5.21059,17.40405,318.42,1.62,1.25,2026-07-18,1408,Aqua,MODIS,74,6.1NRT,300.55,21.48,D
-5.20891,18.76032,315.85,1.3,1.13,2026-07-18,1408,Aqua,MODIS,70,6.1NRT,295.15,14.87,D
-5.20357,17.39573,323.27,1.63,1.26,2026-07-18,1408,Aqua,MODIS,79,6.1NRT,300.39,30.08,D
-5.20167,17.40958,324.48,1.62,1.25,2026-07-18,1408,Aqua,MODIS,80,6.1NRT,299.09,33.94,D
-5.1996,17.40264,328.18,1.62,1.25,2026-07-18,1408,Aqua,MODIS,83,6.1NRT,300.16,40.67,D
-5.19458,16.804,312.07,1.81,1.32,2026-07-18,1408,Aqua,MODIS,46,6.1NRT,298.93,14.22,D
-5.19115,20.88854,308.1,1.03,1.02,2026-07-18,1408,Aqua,MODIS,51,6.1NRT,293.66,5.84,D
-5.19081,20.00018,314.1,1.11,1.05,2026-07-18,1408,Aqua,MODIS,69,6.1NRT,297.79,9.3,D
-5.18985,20.89753,305.83,1.03,1.02,2026-07-18,1408,Aqua,MODIS,47,6.1NRT,293.37,4.33,D
-5.18947,21.90522,302.42,1,1,2026-07-18,1408,Aqua,MODIS,44,6.1NRT,282.21,4.08,D
-5.18898,15.01578,306.92,2.52,1.53,2026-07-18,1408,Aqua,MODIS,25,6.1NRT,293.4,12.93,D
-5.18819,21.91395,302.74,1,1,2026-07-18,1408,Aqua,MODIS,47,6.1NRT,282.14,4.29,D
-5.18801,15.00023,307.56,2.53,1.53,2026-07-18,1408,Aqua,MODIS,22,6.1NRT,293.33,15.48,D
-5.16454,19.41847,311.98,1.19,1.08,2026-07-18,1408,Aqua,MODIS,64,6.1NRT,298.84,6.65,D
-5.16305,19.42876,310,1.19,1.08,2026-07-18,1408,Aqua,MODIS,60,6.1NRT,298.24,4.74,D
-5.14039,18.73255,313.68,1.31,1.13,2026-07-18,1408,Aqua,MODIS,67,6.1NRT,294.54,11.79,D
-5.11812,20.04894,315.7,1.1,1.05,2026-07-18,1408,Aqua,MODIS,72,6.1NRT,298.34,11.05,D
-5.11676,20.0585,323.65,1.1,1.05,2026-07-18,1408,Aqua,MODIS,80,6.1NRT,298.44,20.01,D
-5.10268,14.88666,312.5,2.57,1.54,2026-07-18,1408,Aqua,MODIS,64,6.1NRT,293.09,31.21,D
-5.10098,18.72091,308.99,1.31,1.13,2026-07-18,1408,Aqua,MODIS,52,6.1NRT,294.19,6.14,D
-5.09706,14.89087,314.63,2.57,1.54,2026-07-18,1408,Aqua,MODIS,68,6.1NRT,292.9,37.55,D
-5.08133,20.05738,317.68,1.1,1.05,2026-07-18,1408,Aqua,MODIS,74,6.1NRT,297.52,12.73,D
-5.08015,19.29292,311.37,1.21,1.09,2026-07-18,1408,Aqua,MODIS,63,6.1NRT,297.94,7.94,D
-5.07861,19.30361,321.55,1.2,1.09,2026-07-18,1408,Aqua,MODIS,78,6.1NRT,298.62,19.27,D
-5.07733,15.7175,324.61,2.2,1.44,2026-07-18,1408,Aqua,MODIS,80,6.1NRT,295.44,59.46,D
-5.0758,15.71031,319.3,2.2,1.44,2026-07-18,1408,Aqua,MODIS,75,6.1NRT,295.45,42.56,D
-5.07309,15.72917,312.03,2.19,1.44,2026-07-18,1408,Aqua,MODIS,63,6.1NRT,295.42,22.21,D
-5.06608,20.72866,322.76,1.04,1.02,2026-07-18,1408,Aqua,MODIS,80,6.1NRT,296.58,18.87,D
-5.06474,20.73779,309.02,1.04,1.02,2026-07-18,1408,Aqua,MODIS,61,6.1NRT,294.31,6.87,D
-5.06134,15.08105,314.07,2.48,1.52,2026-07-18,1408,Aqua,MODIS,67,6.1NRT,294.14,32.86,D
-5.06087,13.89619,312.79,3.09,1.67,2026-07-18,1408,Aqua,MODIS,55,6.1NRT,291.86,38.72,D
-5.05731,15.08543,311.8,2.48,1.52,2026-07-18,1408,Aqua,MODIS,62,6.1NRT,293.71,24.63,D
-5.0526,18.56101,312.73,1.34,1.15,2026-07-18,1408,Aqua,MODIS,66,6.1NRT,294.96,12.55,D
-5.04713,13.90002,311.21,3.09,1.67,2026-07-18,1408,Aqua,MODIS,36,6.1NRT,291.65,32.21,D
-5.02923,16.82193,318.62,1.79,1.31,2026-07-18,1408,Aqua,MODIS,71,6.1NRT,295.24,26.57,D
-5.02792,20.54927,313.9,1.05,1.03,2026-07-18,1408,Aqua,MODIS,68,6.1NRT,299.37,6.9,D
-5.02713,16.8371,338.13,1.79,1.31,2026-07-18,1408,Aqua,MODIS,90,6.1NRT,296,83.22,D
-5.02658,20.55841,312.3,1.05,1.03,2026-07-18,1408,Aqua,MODIS,56,6.1NRT,297.42,5.33,D
-5.0241,15.89417,348.23,2.12,1.42,2026-07-18,1408,Aqua,MODIS,95,6.1NRT,298.8,156.14,D
-5.02146,15.91282,387.07,2.12,1.41,2026-07-18,1408,Aqua,MODIS,100,6.1NRT,299.43,529.88,D
-5.02086,22.80532,302.48,1.02,1.01,2026-07-18,1408,Aqua,MODIS,52,6.1NRT,288.47,3.49,D
-5.01979,21.31272,303.58,1.01,1.01,2026-07-18,1408,Aqua,MODIS,42,6.1NRT,287.81,3.84,D
-5.01885,15.93119,362.86,2.11,1.41,2026-07-18,1408,Aqua,MODIS,100,6.1NRT,296.45,258.49,D
-5.01836,16.83078,334.98,1.79,1.31,2026-07-18,1408,Aqua,MODIS,88,6.1NRT,296.46,71.55,D
-5.01778,16.82023,311.09,1.79,1.31,2026-07-18,1408,Aqua,MODIS,36,6.1NRT,294.74,12.94,D
-5.01627,15.94942,358.43,2.1,1.41,2026-07-18,1408,Aqua,MODIS,99,6.1NRT,296.6,222.88,D
-5.01618,18.52536,308.73,1.34,1.15,2026-07-18,1408,Aqua,MODIS,41,6.1NRT,292.3,7.45,D
-5.01569,16.83538,318.42,1.79,1.31,2026-07-18,1408,Aqua,MODIS,73,6.1NRT,295.68,27.7,D
-5.01175,15.8923,340.73,2.12,1.42,2026-07-18,1408,Aqua,MODIS,91,6.1NRT,297.71,115.09,D
-5.00912,15.91099,352.73,2.12,1.41,2026-07-18,1408,Aqua,MODIS,97,6.1NRT,298.69,182.78,D
-5.00653,15.92937,336.31,2.11,1.41,2026-07-18,1408,Aqua,MODIS,88,6.1NRT,297.46,88.34,D
-5.00579,16.33105,313.64,1.96,1.37,2026-07-18,1408,Aqua,MODIS,53,6.1NRT,299.15,11.45,D
-5.00528,17.81327,312.5,1.5,1.21,2026-07-18,1408,Aqua,MODIS,64,6.1NRT,295.55,13.01,D
-5.00527,15.28867,306.63,2.38,1.49,2026-07-18,1408,Aqua,MODIS,33,6.1NRT,293.08,16.58,D
-5.00457,19.48319,310.92,1.17,1.08,2026-07-18,1408,Aqua,MODIS,63,6.1NRT,298.96,4.96,D
-5.00396,15.94765,379.89,2.1,1.41,2026-07-18,1408,Aqua,MODIS,100,6.1NRT,299.97,432.49,D
-5.00196,15.87205,325.17,2.13,1.42,2026-07-18,1408,Aqua,MODIS,80,6.1NRT,296.77,53.48,D
-5.00142,15.96571,314.31,2.09,1.41,2026-07-18,1408,Aqua,MODIS,32,6.1NRT,295.73,18.52,D
-4.99971,16.32313,315.33,1.96,1.37,2026-07-18,1408,Aqua,MODIS,65,6.1NRT,299.27,12.91,D
-4.99935,15.89072,337.5,2.12,1.42,2026-07-18,1408,Aqua,MODIS,89,6.1NRT,296.83,101.75,D
-4.97933,15.94417,334.44,2.1,1.41,2026-07-18,1408,Aqua,MODIS,87,6.1NRT,296.19,86.02,D
-4.97682,15.9623,315.51,2.09,1.41,2026-07-18,1408,Aqua,MODIS,48,6.1NRT,295.99,24.01,D
-4.96132,18.62373,308.37,1.32,1.14,2026-07-18,1408,Aqua,MODIS,55,6.1NRT,294.29,6.46,D
-4.95859,16.7572,316.32,1.81,1.32,2026-07-18,1408,Aqua,MODIS,71,6.1NRT,293.55,25.15,D
-4.95624,16.77399,322.71,1.8,1.32,2026-07-18,1408,Aqua,MODIS,78,6.1NRT,295.37,39.22,D
-4.93992,16.31555,330.9,1.96,1.37,2026-07-18,1408,Aqua,MODIS,85,6.1NRT,297.44,63.06,D
-4.93751,16.3327,317.11,1.95,1.36,2026-07-18,1408,Aqua,MODIS,64,6.1NRT,297.85,21.25,D
-4.90213,18.60995,310.08,1.32,1.14,2026-07-18,1408,Aqua,MODIS,42,6.1NRT,294.98,8.66,D
-4.88704,21.32593,311.73,1.01,1,2026-07-18,1408,Aqua,MODIS,70,6.1NRT,276.47,11.7,D
-4.87314,15.84184,335.69,2.13,1.42,2026-07-18,1408,Aqua,MODIS,88,6.1NRT,294.42,101.42,D
-4.87075,18.46853,316.16,1.35,1.15,2026-07-18,1408,Aqua,MODIS,71,6.1NRT,295.39,15.42,D
-4.87067,19.39896,308.95,1.18,1.08,2026-07-18,1408,Aqua,MODIS,59,6.1NRT,293.95,4.9,D
-4.87053,15.85991,309.01,2.12,1.42,2026-07-18,1408,Aqua,MODIS,55,6.1NRT,292.65,17.12,D
-4.87046,21.82119,306.61,1,1,2026-07-18,1408,Aqua,MODIS,61,6.1NRT,292.29,5.52,D
-4.87013,18.47518,312.18,1.35,1.15,2026-07-18,1408,Aqua,MODIS,60,6.1NRT,293.41,10.49,D
-4.86917,19.40941,316.25,1.18,1.08,2026-07-18,1408,Aqua,MODIS,72,6.1NRT,295.19,11.91,D
-4.86606,15.82917,334.12,2.14,1.42,2026-07-18,1408,Aqua,MODIS,87,6.1NRT,294.38,93.35,D
-4.86604,15.80308,310.38,2.15,1.42,2026-07-18,1408,Aqua,MODIS,60,6.1NRT,293.99,20.07,D
-4.86362,15.8472,327.83,2.13,1.42,2026-07-18,1408,Aqua,MODIS,83,6.1NRT,294.42,65.58,D
-4.86333,15.82203,332.23,2.14,1.42,2026-07-18,1408,Aqua,MODIS,86,6.1NRT,294.51,85.9,D
-4.86128,18.24801,311,1.39,1.17,2026-07-18,1408,Aqua,MODIS,61,6.1NRT,298.07,9.69,D
-4.86071,15.84031,327.36,2.13,1.42,2026-07-18,1408,Aqua,MODIS,83,6.1NRT,294.32,66.32,D
-4.84561,18.42922,311.37,1.35,1.15,2026-07-18,1408,Aqua,MODIS,62,6.1NRT,296.68,8.82,D
-4.83725,18.41576,310.58,1.36,1.15,2026-07-18,1408,Aqua,MODIS,51,6.1NRT,295.84,7.44,D
-4.83466,17.22343,313.27,1.65,1.26,2026-07-18,1408,Aqua,MODIS,66,6.1NRT,297.75,15.55,D
-4.81144,23.8369,313.3,1.11,1.05,2026-07-18,1408,Aqua,MODIS,73,6.1NRT,281.19,13.65,D
-4.7836,15.94147,330.95,2.09,1.41,2026-07-18,1408,Aqua,MODIS,85,6.1NRT,295.39,76.66,D
-4.78074,15.93584,323.66,2.09,1.41,2026-07-18,1408,Aqua,MODIS,79,6.1NRT,295.83,51.49,D
-4.77811,15.95394,315.36,2.08,1.4,2026-07-18,1408,Aqua,MODIS,70,6.1NRT,294.64,28.14,D
-4.77383,15.9214,310.16,2.09,1.41,2026-07-18,1408,Aqua,MODIS,59,6.1NRT,294.28,17.48,D
-4.77268,19.44244,319.54,1.17,1.08,2026-07-18,1408,Aqua,MODIS,76,6.1NRT,298.09,14.96,D
-4.77133,15.93968,316.23,2.09,1.41,2026-07-18,1408,Aqua,MODIS,71,6.1NRT,294.83,31.72,D
-4.76215,15.8025,307.94,2.14,1.42,2026-07-18,1408,Aqua,MODIS,37,6.1NRT,294.82,14.6,D
-4.65579,20.25232,312.93,1.07,1.03,2026-07-18,1408,Aqua,MODIS,53,6.1NRT,299.36,6.3,D
-4.65444,20.2617,315.55,1.07,1.03,2026-07-18,1408,Aqua,MODIS,73,6.1NRT,299.11,8.76,D
-4.63536,15.7775,308.99,2.14,1.42,2026-07-18,1408,Aqua,MODIS,57,6.1NRT,293.86,18.19,D
-4.62199,20.29468,308.85,1.07,1.03,2026-07-18,1408,Aqua,MODIS,43,6.1NRT,294.9,4.87,D
-4.61492,18.32964,316.5,1.36,1.16,2026-07-18,1408,Aqua,MODIS,71,6.1NRT,295.97,15.29,D
-4.61454,18.32299,314.65,1.37,1.16,2026-07-18,1408,Aqua,MODIS,68,6.1NRT,296.79,12.95,D
-4.61289,18.33483,309.81,1.36,1.16,2026-07-18,1408,Aqua,MODIS,33,6.1NRT,295.52,7.29,D
-4.59879,22.59268,305.63,1.02,1.01,2026-07-18,1408,Aqua,MODIS,62,6.1NRT,286.85,5.87,D
-4.59279,15.99394,310.63,2.05,1.39,2026-07-18,1408,Aqua,MODIS,58,6.1NRT,297.32,14.33,D
-4.57079,20.26156,317.43,1.07,1.03,2026-07-18,1408,Aqua,MODIS,74,6.1NRT,297.3,11.01,D
-4.56476,19.33618,327.9,1.18,1.08,2026-07-18,1408,Aqua,MODIS,83,6.1NRT,296.26,28.11,D
-4.56172,17.91484,308.69,1.46,1.19,2026-07-18,1408,Aqua,MODIS,52,6.1NRT,297.08,8.38,D
-4.5599,17.92743,307.58,1.45,1.19,2026-07-18,1408,Aqua,MODIS,44,6.1NRT,296.14,6.92,D
-4.54418,18.46326,309.15,1.33,1.14,2026-07-18,1408,Aqua,MODIS,54,6.1NRT,294.84,6.63,D
-4.54337,20.01096,328.13,1.1,1.04,2026-07-18,1408,Aqua,MODIS,84,6.1NRT,296.54,26.24,D
-4.54105,18.69592,306.44,1.29,1.13,2026-07-18,1408,Aqua,MODIS,32,6.1NRT,293.56,5.67,D
-4.53266,17.40658,309.94,1.58,1.24,2026-07-18,1408,Aqua,MODIS,58,6.1NRT,297.13,8.93,D
-4.52263,19.38668,309.65,1.17,1.08,2026-07-18,1408,Aqua,MODIS,58,6.1NRT,295.16,6.27,D
-4.51674,21.45302,301.79,1,1,2026-07-18,1408,Aqua,MODIS,44,6.1NRT,282.31,4.13,D
-4.51633,19.80975,309.53,1.12,1.05,2026-07-18,1408,Aqua,MODIS,59,6.1NRT,296.07,6.12,D
-4.51224,20.60132,310.57,1.04,1.02,2026-07-18,1408,Aqua,MODIS,65,6.1NRT,296.15,6.16,D
-4.5,19.11247,318.73,1.21,1.1,2026-07-18,1408,Aqua,MODIS,74,6.1NRT,296.96,15.82,D
-4.49846,19.12298,310.05,1.21,1.09,2026-07-18,1408,Aqua,MODIS,59,6.1NRT,296.74,6.16,D
-4.48068,17.76752,313.78,1.49,1.2,2026-07-18,1408,Aqua,MODIS,67,6.1NRT,297.87,13.11,D
-4.48063,19.27545,310.99,1.19,1.08,2026-07-18,1408,Aqua,MODIS,62,6.1NRT,296.64,8.1,D
-4.47883,17.78037,309.65,1.48,1.2,2026-07-18,1408,Aqua,MODIS,51,6.1NRT,297.33,6.98,D
-4.47807,18.05632,311.79,1.42,1.18,2026-07-18,1408,Aqua,MODIS,62,6.1NRT,297.65,10.5,D
-4.47014,17.7661,354.18,1.49,1.2,2026-07-18,1408,Aqua,MODIS,97,6.1NRT,299.11,118.94,D
-4.46832,17.77877,351.53,1.48,1.2,2026-07-18,1408,Aqua,MODIS,96,6.1NRT,297.79,107.11,D
-4.4606,19.18176,308.49,1.2,1.09,2026-07-18,1408,Aqua,MODIS,53,6.1NRT,296.28,5.12,D
-4.43511,19.55417,308.57,1.15,1.07,2026-07-18,1408,Aqua,MODIS,52,6.1NRT,295.55,5.95,D
-4.43366,19.56404,310.63,1.15,1.07,2026-07-18,1408,Aqua,MODIS,61,6.1NRT,295.36,7.8,D
-4.41874,18.40916,316.7,1.34,1.15,2026-07-18,1408,Aqua,MODIS,60,6.1NRT,296.76,13.77,D
-4.41747,18.41462,324.76,1.34,1.15,2026-07-18,1408,Aqua,MODIS,80,6.1NRT,296.4,26.06,D
-4.41705,18.42066,314.78,1.34,1.15,2026-07-18,1408,Aqua,MODIS,15,6.1NRT,296.16,10.54,D
-4.40106,19.25817,311.48,1.19,1.08,2026-07-18,1408,Aqua,MODIS,63,6.1NRT,295.74,9.05,D
-4.39768,18.05148,313.47,1.42,1.18,2026-07-18,1408,Aqua,MODIS,66,6.1NRT,297.45,12.35,D
-4.39594,18.06376,309.09,1.41,1.18,2026-07-18,1408,Aqua,MODIS,55,6.1NRT,297.05,6.74,D
-4.39113,19.7894,316.18,1.12,1.05,2026-07-18,1408,Aqua,MODIS,72,6.1NRT,295.77,11.51,D
-4.38867,18.40462,309.3,1.34,1.15,2026-07-18,1408,Aqua,MODIS,56,6.1NRT,295.79,7.29,D
-4.3736,18.36689,312.01,1.35,1.15,2026-07-18,1408,Aqua,MODIS,64,6.1NRT,296.71,9.31,D
-4.36445,14.43151,307.4,2.73,1.58,2026-07-18,1408,Aqua,MODIS,46,6.1NRT,289.19,18.72,D
-4.3636,19.07561,309.15,1.22,1.1,2026-07-18,1408,Aqua,MODIS,57,6.1NRT,295.58,6.13,D
-4.34912,20.45301,308.72,1.05,1.02,2026-07-18,1408,Aqua,MODIS,58,6.1NRT,296.9,4.56,D
-4.33811,17.16639,312.27,1.64,1.26,2026-07-18,1408,Aqua,MODIS,65,6.1NRT,296.76,14.64,D
-4.33718,20.53518,310.05,1.04,1.02,2026-07-18,1408,Aqua,MODIS,47,6.1NRT,296.65,5.16,D
-4.33681,21.29766,317.05,1.01,1,2026-07-18,1408,Aqua,MODIS,76,6.1NRT,294.64,11.63,D
-4.33667,18.96754,312.24,1.23,1.1,2026-07-18,1408,Aqua,MODIS,66,6.1NRT,296.47,8.22,D
-4.33586,20.54427,309.97,1.04,1.02,2026-07-18,1408,Aqua,MODIS,0,6.1NRT,296.58,5.24,D
-4.32717,17.89475,320.31,1.45,1.19,2026-07-18,1408,Aqua,MODIS,76,6.1NRT,297.87,22.77,D
-4.30561,18.26643,318.54,1.36,1.16,2026-07-18,1408,Aqua,MODIS,74,6.1NRT,299.74,16.51,D
-4.30391,18.27825,349.27,1.36,1.16,2026-07-18,1408,Aqua,MODIS,95,6.1NRT,299.62,86.05,D
-4.2966,15.96941,319.64,2.04,1.39,2026-07-18,1408,Aqua,MODIS,76,6.1NRT,294.91,35.09,D
-4.29416,15.98729,311.49,2.03,1.39,2026-07-18,1408,Aqua,MODIS,26,6.1NRT,295.32,15.32,D
-4.29283,16.67697,310.02,1.79,1.31,2026-07-18,1408,Aqua,MODIS,49,6.1NRT,296.93,9.13,D
-4.29194,15.96236,310.82,2.04,1.39,2026-07-18,1408,Aqua,MODIS,62,6.1NRT,295.09,16.64,D
-4.29184,21.23722,316.29,1.01,1,2026-07-18,1408,Aqua,MODIS,75,6.1NRT,296.21,11.12,D
-4.29057,21.24598,327.93,1.01,1,2026-07-18,1408,Aqua,MODIS,85,6.1NRT,296.15,23.14,D
-4.28943,15.97971,320.65,2.03,1.39,2026-07-18,1408,Aqua,MODIS,77,6.1NRT,295.67,40,D
-4.27708,19.9338,313.33,1.1,1.04,2026-07-18,1408,Aqua,MODIS,68,6.1NRT,298.01,8.01,D
-4.27192,18.28559,328.52,1.36,1.15,2026-07-18,1408,Aqua,MODIS,84,6.1NRT,297.16,34.17,D
-4.27026,18.29733,313.86,1.36,1.15,2026-07-18,1408,Aqua,MODIS,60,6.1NRT,296.56,11.59,D
-4.25941,16.18753,312.82,1.95,1.36,2026-07-18,1408,Aqua,MODIS,66,6.1NRT,295.76,20.58,D
-4.24351,18.27604,316.04,1.36,1.15,2026-07-18,1408,Aqua,MODIS,72,6.1NRT,293.57,14.82,D
-4.24212,20.43163,309.66,1.05,1.02,2026-07-18,1408,Aqua,MODIS,55,6.1NRT,296.84,4.69,D
-4.23511,18.26288,314.74,1.36,1.16,2026-07-18,1408,Aqua,MODIS,52,6.1NRT,296.36,11.5,D
-4.23339,18.27474,328.4,1.36,1.15,2026-07-18,1408,Aqua,MODIS,84,6.1NRT,294.83,33.91,D
-4.23045,15.39527,307.43,2.26,1.46,2026-07-18,1408,Aqua,MODIS,50,6.1NRT,292.94,13.96,D
-4.22965,19.80901,307.5,1.11,1.05,2026-07-18,1408,Aqua,MODIS,53,6.1NRT,294.21,4.76,D
-4.22841,16.63647,314.76,1.8,1.31,2026-07-18,1408,Aqua,MODIS,42,6.1NRT,296.75,15.77,D
-4.22624,16.65201,313.81,1.79,1.31,2026-07-18,1408,Aqua,MODIS,35,6.1NRT,296.38,14.72,D
-4.22112,17.49611,309.15,1.54,1.22,2026-07-18,1408,Aqua,MODIS,58,6.1NRT,294.27,11.03,D
-4.21925,17.50921,322.73,1.54,1.22,2026-07-18,1408,Aqua,MODIS,79,6.1NRT,295.33,32.78,D
-4.21675,16.63618,319.4,1.8,1.31,2026-07-18,1408,Aqua,MODIS,75,6.1NRT,298.2,26.14,D
-4.21657,16.6452,328.52,1.79,1.31,2026-07-18,1408,Aqua,MODIS,83,6.1NRT,297.53,47.22,D
-4.2146,16.65162,315.66,1.79,1.31,2026-07-18,1408,Aqua,MODIS,61,6.1NRT,296.78,18.53,D
-4.21301,17.39845,309.92,1.57,1.23,2026-07-18,1408,Aqua,MODIS,60,6.1NRT,295.76,11.75,D
-4.2111,17.41203,313.34,1.57,1.23,2026-07-18,1408,Aqua,MODIS,67,6.1NRT,295.59,16.8,D
-4.18936,16.20732,308,1.94,1.36,2026-07-18,1408,Aqua,MODIS,50,6.1NRT,295.16,9.81,D
-4.16575,15.19808,311.49,2.34,1.48,2026-07-18,1408,Aqua,MODIS,63,6.1NRT,293.27,19.46,D
-4.14104,20.23523,313.47,1.07,1.03,2026-07-18,1408,Aqua,MODIS,69,6.1NRT,297.66,8.7,D
-4.12476,17.11686,318.19,1.64,1.26,2026-07-18,1408,Aqua,MODIS,74,6.1NRT,295.93,23.34,D
-4.11829,16.36564,326,1.88,1.34,2026-07-18,1408,Aqua,MODIS,81,6.1NRT,297.28,47.91,D
-4.11594,16.38203,331.45,1.87,1.34,2026-07-18,1408,Aqua,MODIS,85,6.1NRT,297.85,64.22,D
-4.11374,17.11533,312.22,1.64,1.26,2026-07-18,1408,Aqua,MODIS,48,6.1NRT,297.7,12.34,D
-4.10845,18.01053,310.76,1.41,1.18,2026-07-18,1408,Aqua,MODIS,60,6.1NRT,297.53,7.26,D
-4.10654,16.36416,333.93,1.88,1.34,2026-07-18,1408,Aqua,MODIS,87,6.1NRT,296.59,71.21,D
-4.10423,16.38048,336,1.87,1.34,2026-07-18,1408,Aqua,MODIS,88,6.1NRT,297.57,78.24,D
-4.10178,16.31314,331.15,1.9,1.35,2026-07-18,1408,Aqua,MODIS,84,6.1NRT,297.32,60.11,D
-4.09944,16.3298,408.58,1.89,1.34,2026-07-18,1408,Aqua,MODIS,100,6.1NRT,303.28,766.19,D
-4.09714,16.34612,347.51,1.89,1.34,2026-07-18,1408,Aqua,MODIS,94,6.1NRT,295.48,126.8,D
-4.08999,16.31169,369.84,1.9,1.35,2026-07-18,1408,Aqua,MODIS,100,6.1NRT,298.19,274.89,D
-4.08767,16.32829,407.96,1.89,1.34,2026-07-18,1408,Aqua,MODIS,100,6.1NRT,299.62,754.99,D
-4.08538,16.34464,320.91,1.89,1.34,2026-07-18,1408,Aqua,MODIS,68,6.1NRT,295.37,29.99,D
-4.08025,16.3203,392.56,1.89,1.34,2026-07-18,1408,Aqua,MODIS,100,6.1NRT,304.24,517.35,D
-4.07782,16.33682,360.82,1.89,1.34,2026-07-18,1408,Aqua,MODIS,100,6.1NRT,298.62,204.73,D
-4.07593,16.32656,350.33,1.89,1.34,2026-07-18,1408,Aqua,MODIS,96,6.1NRT,299.38,140.03,D
-4.03939,17.77726,312.7,1.46,1.19,2026-07-18,1408,Aqua,MODIS,66,6.1NRT,296.76,13.47,D
-4.03753,17.78993,311.14,1.46,1.19,2026-07-18,1408,Aqua,MODIS,63,6.1NRT,296.41,10.92,D
-4.01587,17.4133,316.17,1.55,1.23,2026-07-18,1408,Aqua,MODIS,71,6.1NRT,294.49,19.01,D
-4.01402,17.42649,313.15,1.55,1.23,2026-07-18,1408,Aqua,MODIS,66,6.1NRT,295.71,14.11,D
-4.01284,17.40754,327.71,1.55,1.23,2026-07-18,1408,Aqua,MODIS,83,6.1NRT,296.03,39.93,D
-4.01087,17.4209,349.77,1.55,1.23,2026-07-18,1408,Aqua,MODIS,95,6.1NRT,296.97,107.99,D
-4.00513,17.4117,348.42,1.55,1.23,2026-07-18,1408,Aqua,MODIS,95,6.1NRT,298.25,103.04,D
-4.00326,17.42513,331,1.55,1.23,2026-07-18,1408,Aqua,MODIS,85,6.1NRT,297.4,47.4,D
-3.99613,18.70535,309.77,1.26,1.12,2026-07-18,1408,Aqua,MODIS,62,6.1NRT,295.93,7.61,D
-3.99451,18.71639,312.41,1.26,1.12,2026-07-18,1408,Aqua,MODIS,67,6.1NRT,294.97,10.56,D
-3.98911,18.0491,327.45,1.4,1.17,2026-07-18,1408,Aqua,MODIS,83,6.1NRT,299.61,31.44,D
-3.98734,18.06125,322.02,1.39,1.17,2026-07-18,1408,Aqua,MODIS,78,6.1NRT,298.62,21.7,D
-3.97391,18.29697,315.71,1.34,1.15,2026-07-18,1408,Aqua,MODIS,71,6.1NRT,297.48,13.23,D
-3.97272,18.30212,312.85,1.34,1.15,2026-07-18,1408,Aqua,MODIS,66,6.1NRT,296.87,9.44,D
-3.97265,18.45012,312.12,1.31,1.14,2026-07-18,1408,Aqua,MODIS,66,6.1NRT,296.94,9.38,D
-3.97103,18.46156,316.93,1.31,1.14,2026-07-18,1408,Aqua,MODIS,73,6.1NRT,297.56,15.54,D
-3.96435,18.92202,321.06,1.23,1.1,2026-07-18,1408,Aqua,MODIS,78,6.1NRT,295.15,20.77,D
-3.95328,19.49345,307.57,1.14,1.06,2026-07-18,1408,Aqua,MODIS,55,6.1NRT,278.51,10.09,D
-3.9497,15.91224,320.56,2.03,1.39,2026-07-18,1408,Aqua,MODIS,58,6.1NRT,294.5,41.91,D
-3.93843,16.73388,326.45,1.75,1.3,2026-07-18,1408,Aqua,MODIS,82,6.1NRT,297.32,44.44,D
-3.93631,16.74896,335.38,1.74,1.29,2026-07-18,1408,Aqua,MODIS,88,6.1NRT,296.78,70.22,D
-3.93517,17.30578,310.48,1.58,1.24,2026-07-18,1408,Aqua,MODIS,60,6.1NRT,297.9,10.91,D
-3.93467,23.58331,306.57,1.11,1.05,2026-07-18,1408,Aqua,MODIS,64,6.1NRT,290.33,6.21,D
-3.93431,21.3389,308.46,1,1,2026-07-18,1408,Aqua,MODIS,64,6.1NRT,295.24,5.25,D
-3.92952,17.29756,308.51,1.58,1.24,2026-07-18,1408,Aqua,MODIS,50,6.1NRT,296.55,8.27,D
-3.92713,16.73204,320.4,1.75,1.3,2026-07-18,1408,Aqua,MODIS,76,6.1NRT,296.71,30.77,D
-3.92661,16.74226,342.66,1.74,1.29,2026-07-18,1408,Aqua,MODIS,92,6.1NRT,297.85,96.49,D
-3.92501,16.74721,341.42,1.74,1.29,2026-07-18,1408,Aqua,MODIS,91,6.1NRT,296.74,93.01,D
-3.9244,16.75725,314.46,1.74,1.29,2026-07-18,1408,Aqua,MODIS,61,6.1NRT,295.58,17.66,D
-3.88014,23.63444,303.05,1.11,1.05,2026-07-18,1408,Aqua,MODIS,55,6.1NRT,288.13,4.45,D
-3.84211,17.86514,314.67,1.43,1.18,2026-07-18,1408,Aqua,MODIS,70,6.1NRT,297.4,13.31,D
-3.82849,18.38196,336.78,1.32,1.14,2026-07-18,1408,Aqua,MODIS,89,6.1NRT,296.42,50.86,D
-3.82682,18.39346,327.32,1.32,1.14,2026-07-18,1408,Aqua,MODIS,83,6.1NRT,295.17,31.95,D
-3.81852,18.38051,384.16,1.32,1.14,2026-07-18,1408,Aqua,MODIS,100,6.1NRT,299.8,250.78,D
-3.81687,18.39199,360.04,1.32,1.14,2026-07-18,1408,Aqua,MODIS,100,6.1NRT,296.61,123.43,D
-3.77886,18.22605,314.07,1.35,1.15,2026-07-18,1408,Aqua,MODIS,70,6.1NRT,297.3,11.85,D
-3.77662,17.38818,312.04,1.55,1.23,2026-07-18,1408,Aqua,MODIS,60,6.1NRT,296.58,10.55,D
-3.75875,17.58812,311.16,1.49,1.21,2026-07-18,1408,Aqua,MODIS,63,6.1NRT,297.32,9.77,D
-3.75271,20.4258,306.27,1.04,1.02,2026-07-18,1408,Aqua,MODIS,56,6.1NRT,294.46,4.51,D
-3.74354,18.39839,313.13,1.31,1.14,2026-07-18,1408,Aqua,MODIS,68,6.1NRT,296.13,11.31,D
-3.74188,18.4098,307.84,1.31,1.14,2026-07-18,1408,Aqua,MODIS,56,6.1NRT,295.52,5.71,D
-3.7252,18.24221,309.66,1.34,1.15,2026-07-18,1408,Aqua,MODIS,61,6.1NRT,296.6,7.82,D
-3.72394,18.11589,310.58,1.37,1.16,2026-07-18,1408,Aqua,MODIS,58,6.1NRT,297.08,7.64,D
-3.72214,18.47616,352.79,1.3,1.13,2026-07-18,1408,Aqua,MODIS,97,6.1NRT,297,94.37,D
-3.72173,18.12116,310.77,1.37,1.16,2026-07-18,1408,Aqua,MODIS,60,6.1NRT,297.03,7.58,D
-3.72031,18.34806,309.38,1.32,1.14,2026-07-18,1408,Aqua,MODIS,61,6.1NRT,296.26,6.78,D
-3.70915,18.56586,368.92,1.28,1.12,2026-07-18,1408,Aqua,MODIS,100,6.1NRT,299.38,155.17,D
-3.70754,18.577,375.27,1.28,1.12,2026-07-18,1408,Aqua,MODIS,100,6.1NRT,299.16,186.15,D
-3.67842,18.07269,313.57,1.38,1.16,2026-07-18,1408,Aqua,MODIS,69,6.1NRT,296.07,12.15,D
-3.66826,18.07123,308.08,1.38,1.16,2026-07-18,1408,Aqua,MODIS,41,6.1NRT,295.88,5.75,D
-3.61481,18.37376,311.94,1.31,1.14,2026-07-18,1408,Aqua,MODIS,66,6.1NRT,295.85,9.41,D
-3.60649,18.36088,310.48,1.31,1.14,2026-07-18,1408,Aqua,MODIS,62,6.1NRT,296.43,7.6,D
-3.4624,23.53119,305.29,1.11,1.05,2026-07-18,1408,Aqua,MODIS,60,6.1NRT,287.49,4.83,D
-3.45002,23.67886,304.97,1.13,1.06,2026-07-18,1408,Aqua,MODIS,59,6.1NRT,287.35,5.31,D
-3.41239,23.8047,306.13,1.15,1.07,2026-07-18,1408,Aqua,MODIS,62,6.1NRT,287.69,5.63,D
-3.34687,23.74747,318.35,1.14,1.06,2026-07-18,1408,Aqua,MODIS,78,6.1NRT,293.85,15.68,D
-3.34541,23.75735,308.58,1.14,1.07,2026-07-18,1408,Aqua,MODIS,60,6.1NRT,292.34,6.21,D
-3.91327,15.86697,314.66,2.04,1.39,2026-07-18,1410,Aqua,MODIS,68,6.1NRT,294.34,26.64,D
-3.88718,15.22676,317.03,2.3,1.47,2026-07-18,1410,Aqua,MODIS,72,6.1NRT,294.01,34.8,D
-3.86399,16.45874,309.3,1.83,1.32,2026-07-18,1410,Aqua,MODIS,27,6.1NRT,296.31,11.74,D
-3.86169,16.47448,319.85,1.82,1.32,2026-07-18,1410,Aqua,MODIS,75,6.1NRT,295.83,32.5,D
-3.77332,16.68251,310.68,1.75,1.3,2026-07-18,1410,Aqua,MODIS,59,6.1NRT,295.62,12.49,D
-3.74532,17.03844,310.86,1.64,1.26,2026-07-18,1410,Aqua,MODIS,61,6.1NRT,296.78,11.04,D
-3.74115,16.04126,308.64,1.96,1.37,2026-07-18,1410,Aqua,MODIS,53,6.1NRT,295,12.24,D
-3.71428,17.01942,311.05,1.65,1.26,2026-07-18,1410,Aqua,MODIS,61,6.1NRT,297.31,11.15,D
-3.7118,16.15911,313.31,1.92,1.35,2026-07-18,1410,Aqua,MODIS,65,6.1NRT,294.67,19.58,D
-3.70933,16.17604,317.61,1.91,1.35,2026-07-18,1410,Aqua,MODIS,73,6.1NRT,294.25,29.22,D
-3.69752,16.17438,342.4,1.91,1.35,2026-07-18,1410,Aqua,MODIS,92,6.1NRT,295.69,108.68,D
-3.69629,15.65969,317.82,2.11,1.41,2026-07-18,1410,Aqua,MODIS,73,6.1NRT,295.54,28.61,D
-3.69629,16.74314,319.25,1.73,1.29,2026-07-18,1410,Aqua,MODIS,75,6.1NRT,297.12,27.48,D
-3.69512,16.19101,355.42,1.91,1.35,2026-07-18,1410,Aqua,MODIS,98,6.1NRT,295.98,178.33,D
-3.69418,16.75787,310.06,1.72,1.29,2026-07-18,1410,Aqua,MODIS,58,6.1NRT,295.47,9.8,D
-3.69377,15.65436,319.02,2.11,1.41,2026-07-18,1410,Aqua,MODIS,75,6.1NRT,295.74,33.7,D
-3.68333,16.18924,313.62,1.91,1.35,2026-07-18,1410,Aqua,MODIS,23,6.1NRT,295.6,17.21,D
-3.66348,17.37897,324.18,1.54,1.22,2026-07-18,1410,Aqua,MODIS,80,6.1NRT,297.1,32.05,D
-3.66158,17.39239,339.99,1.54,1.22,2026-07-18,1410,Aqua,MODIS,91,6.1NRT,296.78,72.4,D
-3.63681,17.64281,313.78,1.47,1.2,2026-07-18,1410,Aqua,MODIS,54,6.1NRT,297.08,10.27,D
-3.63498,17.65562,324.7,1.47,1.2,2026-07-18,1410,Aqua,MODIS,81,6.1NRT,298.15,29.09,D
-3.63315,17.66841,315.39,1.47,1.2,2026-07-18,1410,Aqua,MODIS,59,6.1NRT,298.15,13.28,D
-3.59684,16.62992,306.97,1.76,1.3,2026-07-18,1410,Aqua,MODIS,44,6.1NRT,294.61,9.58,D
-3.55638,18.27662,311.49,1.33,1.14,2026-07-18,1410,Aqua,MODIS,66,6.1NRT,296.21,9.26,D
-3.54899,17.35046,311.31,1.54,1.22,2026-07-18,1410,Aqua,MODIS,63,6.1NRT,295.64,11.7,D
-3.53608,17.85412,323.25,1.42,1.18,2026-07-18,1410,Aqua,MODIS,80,6.1NRT,295.57,28.21,D
-3.51958,18.11075,312.4,1.36,1.16,2026-07-18,1410,Aqua,MODIS,68,6.1NRT,296.75,10.64,D
-3.50562,17.5723,312.89,1.48,1.2,2026-07-18,1410,Aqua,MODIS,0,6.1NRT,296.74,13.1,D
-3.49799,17.97335,311,1.39,1.17,2026-07-18,1410,Aqua,MODIS,65,6.1NRT,295.36,10.07,D
-3.49773,17.47831,317.2,1.51,1.21,2026-07-18,1410,Aqua,MODIS,73,6.1NRT,297.63,17.34,D
-3.49627,17.98539,308.46,1.39,1.17,2026-07-18,1410,Aqua,MODIS,59,6.1NRT,295.14,7.14,D
-3.48713,17.47676,314.64,1.51,1.21,2026-07-18,1410,Aqua,MODIS,67,6.1NRT,297.94,13.56,D
-3.47198,16.21355,309.8,1.89,1.34,2026-07-18,1410,Aqua,MODIS,38,6.1NRT,296.01,10.32,D
-3.45117,17.57774,314.42,1.48,1.2,2026-07-18,1410,Aqua,MODIS,70,6.1NRT,296.05,15.44,D
-3.44995,15.89747,314.05,2,1.38,2026-07-18,1410,Aqua,MODIS,56,6.1NRT,294.86,19.82,D
-3.44934,17.5906,311.56,1.48,1.2,2026-07-18,1410,Aqua,MODIS,65,6.1NRT,295.82,11.31,D
-3.44747,15.91472,318.01,1.99,1.38,2026-07-18,1410,Aqua,MODIS,74,6.1NRT,294.09,29.29,D
-3.43546,15.91301,316.53,1.99,1.38,2026-07-18,1410,Aqua,MODIS,67,6.1NRT,293.36,26.02,D
-3.43418,17.84505,319.89,1.42,1.18,2026-07-18,1410,Aqua,MODIS,58,6.1NRT,295.56,22.79,D
-3.43242,17.85734,322.28,1.41,1.18,2026-07-18,1410,Aqua,MODIS,60,6.1NRT,295.59,26.47,D
-3.43062,16.74644,307.92,1.71,1.28,2026-07-18,1410,Aqua,MODIS,52,6.1NRT,294.65,11.54,D
-3.42197,18.64176,308.75,1.25,1.11,2026-07-18,1410,Aqua,MODIS,41,6.1NRT,294.69,7.61,D
-3.39221,15.20125,314.08,2.27,1.46,2026-07-18,1410,Aqua,MODIS,26,6.1NRT,292.57,25.37,D
-3.37941,15.19992,332.23,2.27,1.46,2026-07-18,1410,Aqua,MODIS,86,6.1NRT,293.6,89.15,D
-3.37839,16.0876,317.13,1.92,1.35,2026-07-18,1410,Aqua,MODIS,38,6.1NRT,295.7,24,D
-3.37411,18.40174,309.13,1.3,1.13,2026-07-18,1410,Aqua,MODIS,63,6.1NRT,296.3,5.79,D
-3.35241,18.85094,313.24,1.22,1.1,2026-07-18,1410,Aqua,MODIS,70,6.1NRT,293.06,11.96,D
-3.32771,16.66621,307.74,1.73,1.29,2026-07-18,1410,Aqua,MODIS,52,6.1NRT,294.65,10.2,D
-3.31973,18.3536,311.47,1.3,1.13,2026-07-18,1410,Aqua,MODIS,56,6.1NRT,293.97,9.44,D
-3.25597,18.01767,319.16,1.37,1.16,2026-07-18,1410,Aqua,MODIS,42,6.1NRT,295.35,22.85,D
-3.25204,17.34465,308.25,1.53,1.22,2026-07-18,1410,Aqua,MODIS,56,6.1NRT,294.63,8.32,D
-3.24594,16.92238,307.06,1.65,1.26,2026-07-18,1410,Aqua,MODIS,22,6.1NRT,294.61,7.78,D
-3.24193,16.95107,310.42,1.64,1.26,2026-07-18,1410,Aqua,MODIS,39,6.1NRT,294.79,11.39,D
-3.23811,16.95807,312.81,1.63,1.26,2026-07-18,1410,Aqua,MODIS,67,6.1NRT,295.08,16.07,D
-3.22691,14.70527,322.5,2.48,1.52,2026-07-18,1410,Aqua,MODIS,79,6.1NRT,292.69,63.03,D
-3.21692,14.69636,321.33,2.48,1.52,2026-07-18,1410,Aqua,MODIS,77,6.1NRT,289.49,54.26,D
-3.20947,16.20739,312.89,1.87,1.34,2026-07-18,1410,Aqua,MODIS,58,6.1NRT,296.5,14.06,D
-3.19126,18.61809,310.41,1.25,1.11,2026-07-18,1410,Aqua,MODIS,62,6.1NRT,295.15,7.12,D
-3.18878,18.61112,310.69,1.25,1.11,2026-07-18,1410,Aqua,MODIS,62,6.1NRT,295.27,7.23,D
-3.1696,17.46685,346.29,1.49,1.21,2026-07-18,1410,Aqua,MODIS,94,6.1NRT,296.24,88.19,D
-3.16418,17.45936,332.09,1.49,1.21,2026-07-18,1410,Aqua,MODIS,86,6.1NRT,296.25,46.36,D
-3.16226,17.47232,321.94,1.49,1.21,2026-07-18,1410,Aqua,MODIS,68,6.1NRT,295.54,24.83,D
-3.15457,16.27551,316.66,1.84,1.33,2026-07-18,1410,Aqua,MODIS,72,6.1NRT,296.08,21.94,D
-3.1522,16.29159,309.22,1.83,1.33,2026-07-18,1410,Aqua,MODIS,57,6.1NRT,295.63,7.99,D
-3.15145,16.28183,319.01,1.84,1.33,2026-07-18,1410,Aqua,MODIS,75,6.1NRT,296.05,25.77,D
-3.13629,17.42881,315.43,1.5,1.21,2026-07-18,1410,Aqua,MODIS,71,6.1NRT,295.59,16.58,D
-3.13064,17.46777,314.62,1.49,1.21,2026-07-18,1410,Aqua,MODIS,70,6.1NRT,296.35,13.79,D
-3.12919,16.52615,310.51,1.76,1.3,2026-07-18,1410,Aqua,MODIS,44,6.1NRT,296.03,10.35,D
-3.12876,17.48075,314.93,1.49,1.2,2026-07-18,1410,Aqua,MODIS,71,6.1NRT,296.54,14.3,D
-3.09455,18.28549,307.28,1.31,1.13,2026-07-18,1410,Aqua,MODIS,55,6.1NRT,294.13,6.14,D
-3.08828,16.4884,311.68,1.77,1.3,2026-07-18,1410,Aqua,MODIS,61,6.1NRT,297.22,12.42,D
-3.05207,16.81668,309.77,1.66,1.27,2026-07-18,1410,Aqua,MODIS,0,6.1NRT,295.76,10.54,D
-3.04201,17.22034,307.72,1.55,1.23,2026-07-18,1410,Aqua,MODIS,52,6.1NRT,294.9,7.71,D
-3.00686,17.39141,308.83,1.5,1.21,2026-07-18,1410,Aqua,MODIS,39,6.1NRT,295.68,7.23,D
-2.98149,16.83638,311.86,1.65,1.26,2026-07-18,1410,Aqua,MODIS,59,6.1NRT,295,11.74,D
-2.98097,16.83096,309.25,1.65,1.26,2026-07-18,1410,Aqua,MODIS,46,6.1NRT,295.36,8.2,D
-2.96534,17.4845,309.24,1.48,1.2,2026-07-18,1410,Aqua,MODIS,59,6.1NRT,294.07,10.22,D
-2.95929,14.4882,310.02,2.55,1.54,2026-07-18,1410,Aqua,MODIS,62,6.1NRT,288.29,22.58,D
-2.94198,17.34856,309.63,1.51,1.21,2026-07-18,1410,Aqua,MODIS,59,6.1NRT,295.46,9.35,D
-2.94011,17.36161,308.95,1.51,1.21,2026-07-18,1410,Aqua,MODIS,57,6.1NRT,295.05,8.61,D
-2.91494,17.96804,312.51,1.36,1.16,2026-07-18,1410,Aqua,MODIS,67,6.1NRT,294.22,10.49,D
-2.9138,17.97429,325.29,1.36,1.16,2026-07-18,1410,Aqua,MODIS,82,6.1NRT,294.46,28.48,D
-2.91319,17.97985,319.37,1.36,1.16,2026-07-18,1410,Aqua,MODIS,76,6.1NRT,294.22,19.87,D
-2.8636,17.33185,313.96,1.51,1.21,2026-07-18,1410,Aqua,MODIS,31,6.1NRT,295.6,13.37,D
-2.8578,17.8623,312.8,1.39,1.17,2026-07-18,1410,Aqua,MODIS,68,6.1NRT,295.35,12.23,D
-2.85488,17.31716,315.09,1.51,1.21,2026-07-18,1410,Aqua,MODIS,70,6.1NRT,295.04,15.79,D
-2.85299,17.33036,312.05,1.51,1.21,2026-07-18,1410,Aqua,MODIS,49,6.1NRT,295.07,10.99,D
-2.82653,17.58841,327.39,1.45,1.19,2026-07-18,1410,Aqua,MODIS,83,6.1NRT,294.25,36.22,D
-2.82472,17.60094,330.6,1.44,1.19,2026-07-18,1410,Aqua,MODIS,85,6.1NRT,294.48,43.32,D
-2.81893,17.99659,308.36,1.35,1.15,2026-07-18,1410,Aqua,MODIS,52,6.1NRT,294.82,6.95,D
-2.81795,17.57431,306.43,1.45,1.19,2026-07-18,1410,Aqua,MODIS,33,6.1NRT,291.73,4.98,D
-2.81614,17.58687,318.51,1.45,1.19,2026-07-18,1410,Aqua,MODIS,75,6.1NRT,294.58,21.94,D
-2.78918,17.84661,306.49,1.39,1.17,2026-07-18,1410,Aqua,MODIS,39,6.1NRT,293.24,5.53,D
-2.77322,15.6623,316.55,2.03,1.39,2026-07-18,1410,Aqua,MODIS,36,6.1NRT,291.67,27.12,D
-2.7697,17.56066,310.12,1.45,1.19,2026-07-18,1410,Aqua,MODIS,47,6.1NRT,294.9,10.2,D
-2.74947,15.56943,308.81,2.07,1.4,2026-07-18,1410,Aqua,MODIS,17,6.1NRT,294.69,11.49,D
-2.72854,17.76937,308.99,1.4,1.17,2026-07-18,1410,Aqua,MODIS,53,6.1NRT,293.79,8.21,D
-2.72676,17.78155,307.63,1.4,1.17,2026-07-18,1410,Aqua,MODIS,54,6.1NRT,293.77,7.17,D
-2.667,17.83468,307.23,1.38,1.16,2026-07-18,1410,Aqua,MODIS,44,6.1NRT,293.25,6.16,D
-2.65005,17.95359,307.58,1.36,1.15,2026-07-18,1410,Aqua,MODIS,28,6.1NRT,290.91,7.94,D
-2.53375,16.26181,306.19,1.8,1.32,2026-07-18,1410,Aqua,MODIS,33,6.1NRT,292.07,8.34,D
-2.53341,17.9125,309.71,1.36,1.15,2026-07-18,1410,Aqua,MODIS,63,6.1NRT,293.46,9.78,D
-2.34562,17.31354,317.55,1.49,1.2,2026-07-18,1410,Aqua,MODIS,75,6.1NRT,291.97,21.63,D
-2.30964,17.41277,315.55,1.46,1.19,2026-07-18,1410,Aqua,MODIS,73,6.1NRT,293.98,16.83,D
-2.30779,17.42542,338.78,1.46,1.19,2026-07-18,1410,Aqua,MODIS,91,6.1NRT,292.78,65.08,D
-2.25748,16.26782,314.99,1.78,1.31,2026-07-18,1410,Aqua,MODIS,71,6.1NRT,296.26,17.06,D
-2.19393,17.0922,314.19,1.54,1.22,2026-07-18,1410,Aqua,MODIS,70,6.1NRT,294.1,17.84,D
-2.10025,17.79548,306.41,1.36,1.16,2026-07-18,1410,Aqua,MODIS,50,6.1NRT,291.61,6.93,D
-2.0926,16.21601,308.92,1.79,1.31,2026-07-18,1410,Aqua,MODIS,0,6.1NRT,293.9,11.85,D
-2.0695,16.06261,328.89,1.83,1.33,2026-07-18,1410,Aqua,MODIS,84,6.1NRT,293.38,56.28,D
-2.06719,16.07821,319.84,1.83,1.32,2026-07-18,1410,Aqua,MODIS,77,6.1NRT,295.06,30.87,D
-2.04854,16.44203,315.56,1.71,1.28,2026-07-18,1410,Aqua,MODIS,72,6.1NRT,292.94,21.36,D
-2.02821,16.26271,320.95,1.77,1.3,2026-07-18,1410,Aqua,MODIS,74,6.1NRT,292.87,33.4,D
-2.02596,16.27798,313.8,1.76,1.3,2026-07-18,1410,Aqua,MODIS,49,6.1NRT,292.67,18.06,D
-1.93261,16.29027,317.38,1.75,1.3,2026-07-18,1410,Aqua,MODIS,74,6.1NRT,294.06,24.95,D
-1.93204,15.97148,312.27,1.86,1.33,2026-07-18,1410,Aqua,MODIS,57,6.1NRT,295.25,16.08,D
-1.93038,16.30541,312.73,1.75,1.3,2026-07-18,1410,Aqua,MODIS,68,6.1NRT,294.35,15.83,D
-1.92974,15.98752,316.62,1.85,1.33,2026-07-18,1410,Aqua,MODIS,73,6.1NRT,294.83,25.32,D
-1.84147,16.68041,316.49,1.63,1.26,2026-07-18,1410,Aqua,MODIS,73,6.1NRT,293.13,23.6,D
-1.83378,17.93512,305.4,1.32,1.14,2026-07-18,1410,Aqua,MODIS,51,6.1NRT,291.47,4.98,D
-1.80855,16.18726,307.38,1.78,1.31,2026-07-18,1410,Aqua,MODIS,28,6.1NRT,286.48,11.23,D
-1.75874,15.34006,318.75,2.07,1.4,2026-07-18,1410,Aqua,MODIS,77,6.1NRT,292.52,32.9,D
-1.72996,15.70646,307.3,1.93,1.36,2026-07-18,1410,Aqua,MODIS,28,6.1NRT,289.67,6.87,D
-1.6824,15.86781,314.02,1.87,1.34,2026-07-18,1410,Aqua,MODIS,68,6.1NRT,294.26,18.77,D
-1.67307,15.84973,313.17,1.88,1.34,2026-07-18,1410,Aqua,MODIS,63,6.1NRT,293.78,17.86,D
-1.65099,16.56807,321.4,1.65,1.26,2026-07-18,1410,Aqua,MODIS,69,6.1NRT,284.34,38.15,D
-1.23289,16.50527,308.74,1.64,1.26,2026-07-18,1410,Aqua,MODIS,56,6.1NRT,291.02,12.57,D
-0.90328,23.15621,306.46,1.13,1.06,2026-07-18,1410,Aqua,MODIS,56,6.1NRT,293.13,5.16,D
-0.75694,14.99123,307.58,2.12,1.42,2026-07-18,1410,Aqua,MODIS,61,6.1NRT,291.08,15.24,D
-0.64099,15.1534,308.91,2.05,1.39,2026-07-18,1410,Aqua,MODIS,63,6.1NRT,290.62,17.07,D
1.30367,18.6861,312.1,1.1,1.05,2026-07-18,1410,Aqua,MODIS,63,6.1NRT,293.63,8.39,D
1.30509,18.69564,306.89,1.1,1.05,2026-07-18,1410,Aqua,MODIS,46,6.1NRT,292.34,3.96,D
2.35694,20.57325,317.02,1,1,2026-07-18,1410,Aqua,MODIS,75,6.1NRT,295.09,10.45,D
2.36655,19.37975,311.12,1.03,1.01,2026-07-18,1410,Aqua,MODIS,66,6.1NRT,294.28,6.69,D
2.36786,19.38867,309.22,1.03,1.01,2026-07-18,1410,Aqua,MODIS,63,6.1NRT,293.89,5.11,D
2.8108,20.88719,308.38,1.01,1.01,2026-07-18,1410,Aqua,MODIS,64,6.1NRT,293.23,4.89,D
2.85132,19.33472,305,1.02,1.01,2026-07-18,1410,Aqua,MODIS,28,6.1NRT,290.3,3.46,D
2.86577,22.34229,306.28,1.13,1.06,2026-07-18,1410,Aqua,MODIS,54,6.1NRT,292.23,4.98,D
13.44608,14.0746,320.61,1.41,1.18,2026-07-18,1412,Aqua,MODIS,49,6.1NRT,296.89,14.54,D