latitude,longitude,brightness,scan,track,acq_date,acq_time,satellite,instrument,confidence,version,bright_t31,frp,daynight
-4.30223,19.03603,312.36,1.05,1.03,2026-10-03,724,Terra,MODIS,61,6.1NRT,296.28,5.85,D
-4.13432,13.29369,326.64,1.58,1.24,2026-10-03,724,Terra,MODIS,81,6.1NRT,292.99,36.26,D
-5.48017,22.95172,312.68,2.56,1.54,2026-10-03,1346,Aqua,MODIS,47,6.1NRT,293.55,22.94,D
-3.60479,20.40576,307.66,3.85,1.83,2026-10-03,1346,Aqua,MODIS,44,6.1NRT,288.58,18.62,D
-3.46689,22.9285,312.15,2.38,1.49,2026-10-03,1346,Aqua,MODIS,65,6.1NRT,294.02,21.32,D
-3.30415,22.42876,308.2,2.6,1.55,2026-10-03,1346,Aqua,MODIS,55,6.1NRT,291.61,19.24,D
-3.13867,23.02317,315.91,2.3,1.47,2026-10-03,1346,Aqua,MODIS,72,6.1NRT,295.08,27.87,D
-3.13856,23.03,312.08,2.3,1.47,2026-10-03,1346,Aqua,MODIS,36,6.1NRT,295.01,15.67,D
3.81735,19.98113,311.39,3.08,1.67,2026-10-03,1348,Aqua,MODIS,62,6.1NRT,289.61,37.71,D
3.81886,19.97581,310.08,3.08,1.67,2026-10-03,1348,Aqua,MODIS,63,6.1NRT,289.68,30.51,D
3.92258,19.5828,312.58,3.3,1.72,2026-10-03,1348,Aqua,MODIS,69,6.1NRT,291.33,37.51,D
3.92369,19.58753,310.82,3.3,1.72,2026-10-03,1348,Aqua,MODIS,65,6.1NRT,291.41,32.06,D
3.97257,20.43503,313.56,2.8,1.6,2026-10-03,1348,Aqua,MODIS,68,6.1NRT,292.43,31.91,D
4.80505,23.8705,309.82,1.45,1.19,2026-10-03,1348,Aqua,MODIS,61,6.1NRT,295.96,8.13,D
-5.9417,14.12267,309.44,3.47,1.75,2026-10-03,1524,Aqua,MODIS,54,6.1NRT,291.11,23.08,D
-5.82978,13.97123,312.69,3.39,1.74,2026-10-03,1524,Aqua,MODIS,62,6.1NRT,292.5,28.94,D
-5.70216,14.65418,316,3.87,1.83,2026-10-03,1524,Aqua,MODIS,69,6.1NRT,293.34,53.85,D
-5.70146,14.62772,312.45,3.85,1.83,2026-10-03,1524,Aqua,MODIS,56,6.1NRT,293.16,30.42,D
-5.69571,14.66104,313.15,3.87,1.83,2026-10-03,1524,Aqua,MODIS,61,6.1NRT,293.36,34.27,D
-5.52686,14.40939,312.47,3.73,1.81,2026-10-03,1524,Aqua,MODIS,60,6.1NRT,293.3,33.1,D
-5.37381,13.8667,314.94,3.39,1.74,2026-10-03,1524,Aqua,MODIS,62,6.1NRT,292.52,48.63,D
-5.37058,13.87116,317.92,3.39,1.74,2026-10-03,1524,Aqua,MODIS,43,6.1NRT,292.27,57.16,D
-5.30424,14.1004,334.94,3.55,1.77,2026-10-03,1524,Aqua,MODIS,87,6.1NRT,292.97,188.62,D
-5.29181,14.09094,311.68,3.55,1.77,2026-10-03,1524,Aqua,MODIS,43,6.1NRT,292.55,31.14,D
-5.05522,14.39888,312.71,3.8,1.82,2026-10-03,1524,Aqua,MODIS,55,6.1NRT,292.11,41.92,D
-5.04995,14.43055,311.46,3.82,1.83,2026-10-03,1524,Aqua,MODIS,49,6.1NRT,292.05,36.53,D
-4.85137,14.42366,311.99,3.85,1.83,2026-10-03,1524,Aqua,MODIS,37,6.1NRT,292.5,38.56,D
-4.06966,13.70691,318.89,3.49,1.76,2026-10-03,1524,Aqua,MODIS,75,6.1NRT,292.48,63.76,D
-4.06737,13.71434,317.25,3.49,1.76,2026-10-03,1524,Aqua,MODIS,72,6.1NRT,292.45,56.25,D
-3.98532,14.04245,310.87,3.73,1.81,2026-10-03,1524,Aqua,MODIS,59,6.1NRT,291.97,33,D
-3.98041,14.04975,312.21,3.73,1.81,2026-10-03,1524,Aqua,MODIS,64,6.1NRT,291.91,39.7,D
-3.92757,13.80726,309.69,3.57,1.77,2026-10-03,1524,Aqua,MODIS,58,6.1NRT,291.74,29.99,D
-3.65021,13.36672,310.74,3.34,1.72,2026-10-03,1524,Aqua,MODIS,43,6.1NRT,290.56,37.77,D
-3.64773,13.37136,314.03,3.34,1.72,2026-10-03,1524,Aqua,MODIS,70,6.1NRT,290.63,52.05,D
-3.64572,13.39569,313.95,3.35,1.73,2026-10-03,1524,Aqua,MODIS,60,6.1NRT,290.76,51.75,D
-3.64304,13.40019,310.29,3.35,1.73,2026-10-03,1524,Aqua,MODIS,63,6.1NRT,290.73,35.35,D
-5.91236,14.33368,302.17,1.01,1,2026-10-03,1942,Terra,MODIS,47,6.1NRT,290.66,4.13,N
-5.79696,13.89503,305.83,1.03,1.01,2026-10-03,1942,Terra,MODIS,66,6.1NRT,292.61,5.49,N
-5.7664,15.05235,338.03,1,1,2026-10-03,1942,Terra,MODIS,100,6.1NRT,293.88,39.49,N
-5.60783,13.66232,306.29,1.04,1.02,2026-10-03,1942,Terra,MODIS,68,6.1NRT,291.82,6.52,N
-5.33081,14.674,304.22,1,1,2026-10-03,1942,Terra,MODIS,59,6.1NRT,292.1,4.31,N
-5.28329,14.08491,305.22,1.01,1.01,2026-10-03,1942,Terra,MODIS,63,6.1NRT,292,5.25,N
-4.88805,11.91036,301.11,1.22,1.1,2026-10-03,1942,Terra,MODIS,38,6.1NRT,291.07,6.39,N
-4.86398,12.0156,307.54,1.2,1.09,2026-10-03,1942,Terra,MODIS,72,6.1NRT,289.46,12.28,N
-4.86255,12.02618,302.93,1.2,1.09,2026-10-03,1942,Terra,MODIS,52,6.1NRT,289.46,8.58,N
-4.5966,16.24523,313.91,1.08,1.04,2026-10-03,1942,Terra,MODIS,88,6.1NRT,292.03,12.13,N
-4.3855,16.11036,303.03,1.07,1.03,2026-10-03,1942,Terra,MODIS,29,6.1NRT,290.34,5.07,N
-4.38419,16.11975,317.77,1.07,1.03,2026-10-03,1942,Terra,MODIS,96,6.1NRT,290.09,17.53,N
-4.06139,13.2458,308.56,1.04,1.02,2026-10-03,1942,Terra,MODIS,75,6.1NRT,292.25,8.29,N
-4.06013,13.25499,314.94,1.04,1.02,2026-10-03,1942,Terra,MODIS,90,6.1NRT,292.18,13.4,N
-3.77524,13.98842,310.11,1.01,1,2026-10-03,1942,Terra,MODIS,79,6.1NRT,291.9,8.86,N
-3.77402,13.99723,309.48,1.01,1,2026-10-03,1942,Terra,MODIS,77,6.1NRT,292.02,8.38,N
-2.90045,11.63599,302.45,1.2,1.09,2026-10-03,1942,Terra,MODIS,49,6.1NRT,291.48,5.63,N
13.35972,13.75234,308.31,1.24,1.11,2026-10-03,1947,Terra,MODIS,68,6.1NRT,295.96,7.95,N